[{"pk": 1, "model": "sentry.team", "fields": {"owner": 1, "date_added": "2013-10-13T18:49:24.844Z", "slug": "sandboxmanchesterio", "name": "sandbox.manchester.io"}}, {"pk": 1, "model": "sentry.teammember", "fields": {"date_added": "2013-10-13T18:49:24.851Z", "type": 0, "user": 1, "team": 1}}, {"pk": 1, "model": "sentry.project", "fields": {"status": 0, "name": "Sentry (Internal)", "slug": "sentry", "platform": "django", "team": null, "owner": null, "date_added": "2013-10-13T18:48:52.288Z", "public": false}}, {"pk": 2, "model": "sentry.project", "fields": {"status": 0, "name": "sandbox.manchester.io", "slug": "sandboxmanchesterio", "platform": "python", "team": 1, "owner": 1, "date_added": "2013-10-13T18:49:42.154Z", "public": false}}, {"pk": 3, "model": "sentry.project", "fields": {"status": 0, "name": "api.sandbox.manchester.io", "slug": "apisandboxmanchesterio", "platform": "python", "team": 1, "owner": 1, "date_added": "2013-10-13T18:50:14.487Z", "public": false}}, {"pk": 1, "model": "sentry.projectkey", "fields": {"public_key": "3f76c69909cb4191a5fc02cc32d283e6", "project": 2, "user": null, "user_added": null, "date_added": "2013-10-13T18:49:42.161Z", "secret_key": "770bfa446b59413da819804958a60448"}}, {"pk": 2, "model": "sentry.projectkey", "fields": {"public_key": "4b91300f9bde4fccacac0971f2ec6eda", "project": 3, "user": null, "user_added": null, "date_added": "2013-10-13T18:50:14.493Z", "secret_key": "486cd1193e554d42b2164044b49d6922"}}, {"pk": 1, "model": "sentry.group", "fields": {"status": 0, "first_seen": "2013-10-13T18:49:42.163Z", "resolved_at": null, "time_spent_count": 0, "culprit": "raven.scripts.runner in main", "level": 40, "checksum": "c4a4d06bc314205bb3b6bdb612dde7f1", "times_seen": 1, "active_at": "2013-10-13T18:49:42.163Z", "is_public": false, "project": 2, "platform": "python", "score": 1381690182, "num_comments": 0, "time_spent_total": 0, "logger": "root", "data": null, "message": "This is an example Python exception", "last_seen": "2013-10-13T18:49:42.163Z"}}, {"pk": 2, "model": "sentry.group", "fields": {"status": 0, "first_seen": "2013-10-13T18:50:14.496Z", "resolved_at": null, "time_spent_count": 0, "culprit": "raven.scripts.runner in main", "level": 40, "checksum": "c4a4d06bc314205bb3b6bdb612dde7f1", "times_seen": 1, "active_at": "2013-10-13T18:50:14.496Z", "is_public": false, "project": 3, "platform": "python", "score": 1381690214, "num_comments": 0, "time_spent_total": 0, "logger": "root", "data": null, "message": "This is an example Python exception", "last_seen": "2013-10-13T18:50:14.496Z"}}, {"pk": 1, "model": "sentry.event", "fields": {"time_spent": null, "group": 1, "server_name": null, "culprit": "raven.scripts.runner in main", "level": 40, "event_id": "5e10e7889874490190ed8e90d9d50da9", "checksum": "c4a4d06bc314205bb3b6bdb612dde7f1", "site": null, "datetime": "2013-10-13T18:49:42.163Z", "project": 2, "platform": "python", "num_comments": 0, "logger": "root", "data": "eJy9WW1z27gR/s5fwfqL5IxKEQBBAm6cuZvrvXju4nTqnPKh05EpErJ5pkiWL0ncTP57dxeUREpKM7E71Xgs4h3Y3efZh9A0rZhzM2lM0daPXla0pl7HiWm83xtTT5yKO9O0EtCjg3IRbwzUBVC8M60dA2XpNDeTLIWnEFpYGDF4jLDSbOIsh4KC+nVZfmc+xpsqN15SbqBWO01zaulf2raCZubj2gy3l5TlQ2YarKQNMYGzdzXOzXA79zDkYj4fzD+H9bCVNndv4tTUND6k8RGM+btZm5oOydTJKbBF43C0xZ+/v4ONokV86Py6/HeW5/Fcer47fZcVafmhca/fuqHH/+K+e/MuDM7d7yuY551Z/Zq1cykiT4Tu9Ndf3r7+bebm2YNxfzbJQ3nu/nBflxsz58rzPSZ934u4exOv4zrrR+GajExlivdYIBNwMsG/OlM/Lpu2zoo7bEJbTLAhjdsYKyT1DbFqY9r7Er3E8fQ///gWHxVMvDh2wU0bJw9tDc/QR1MM+M5iXUMANE4lmDPNK2FjQ0B9VyRtVhbQEjiLVZfl6XLT3EERrL+IV82yitt7KIbOYn6Pp+1WXdF2c+99VrddnMPBmvkupOZNnczr+L0p+v+ruDFe9QgTQFQtqtoskxL2+rGFGkVb0c7CPfjYzbqXboNngaj1nXgBf8M+aCWvq+DLTD9BF3bQjp8TAbq3zuTCxXH8xDgaazcBveBwS9rIMivW5dTWz2CocOJm8T6uwaxBgAYNpLOYGDh2uyRMBWC0iQxiwXkgQsNWQbRSynChV5HSWsUmCjj2Q9tMki6v6gzjNFDOdbOdqX2sCLlgpwnZ1KP6xnttmia+wzbp43g0BRaYs8DHNtsYb/sw5T4TM1fNXPyyTzyAL+ULFZ7DKI5TgF9qjD0p8DgSImKSl3Eav8cIlRL9JUPnJ98TEZdSSS0i6cRQliJgkQ5VXwy5FjqQgkEQg42IgXCGCCZMEzQgFSmCJwgMSYEaQqBCrG+PFcJJusnb+6xx4S92W9O0bt8MXilMDadL3a4BBLm3t2Qc6nR7i6PpRFUMqyF7hAJ3Hwa05MOHuL6jWgJZGI7XxW0+eVmFy+bgI2S4UDtXwDq4JoUQsqvvXPkMO/URBlVw0Jf9zGXtlqs/TNK6GQRtH3g9IOLW9T8yP1oliUj8VzCQztjGdJZIUNSgu5dNZRkvCqiuMfkaSxCfL20MES5/yDPotl1vN/tKcUazh31YYUhEEVoqUs7iBKr2oRiRI9XYkepZjlRjRypypLKOHKwhn7VGSNPVpulytJui06qvnVbRafX4tPpZp9Xj02o6rT48rX7WabU97X1cpDkhUUe7wBiTy1FspL7SGBuawhzjWeuvGIn5RE9Vt8qzZPlgHqmOQWA2i02ZdrnBMncW+8jECkiSi3UG+QVCH8tB32GfUpiPOaoqm3afVJgfosFgq8dp5fMM29UB4X8+x1o9zjDZ+ivJw80KSkEXMJj5B1PCaEQcDE3yLjWUQhvqyZAOkzIvSixxBGdWLOOqwqIAYkBT4bxYDqyIwkP251vmWYHGACl0MmnhB/ZXNOuyBo69pF3sKvCgDFMNzmJ3oJwrgZaOaSU91AMMeGuRxFXb1bgk6piBHmAgZZ4nCBjKoLEiYCCC0HmQNYaeKMq2t2ezhHBY5SadnqM5QRyNDV8b2C3tPRr7E02KegJn2YmcKXY8DId90p3RKPoPz3tanbmUJmdWnUAL0O8l/sPwAsW1EwVMWBkMmusgmTMQYF/M5kyIQTpnwlL4NjUzIe2k4Sg5M9BXaDoQVU9Ozwy12CA/s2CcuRiIrD519SmHBfw457BADJMOA230LVmHBXKQdhhoqOthxmYBUTML1Ih0GemjpxIiswpqm7UZaCibtgcMJQ8ZSh4wlDzBUPIEQ0nLUCiGBrFHoQmYSacvXuDZEaxSjaPYhrc7Je0LEJvuxeb5jAZYGttTDCiqIcWEbEwxoX0lC8UxxYBSGuHixQvrAlwmlEMSAfV0FcDKlkRQPA1IBOTQlkT6CMdKPeYSkETP5JKIHXEJaCM0M6ii3TnOzs6wIRiY9IfaQGBAxBQW+fDuUW4gQPrQub31cIQc++HVq1duQlHsjc82nbx+7Of5o4MAvAezQ+ylf5qg2aIhXfV7iQZ0AeKKXnD1OLJJTD05shXhdQ8fZV0OKmrAKcqmGtRQQ05RNlJBDD2dU0hDDThFaeKULbw1BegeebpH3p5itKWYHQlpYUlowDD6GxkG1NMQ2SCHxsjW0RjZIHaOkK31EbI5QAvsBa9aO2SnZu32IfLjx8RUiIopbhuTSEIvlJfXZQH5ZYevC5yIH0YKhyz9tajF0nYRD4cEYzbgoJcGbMBBKg3ZgPvErNxXR2zA/cFbes9CRFj92aanc9lsG6eX/fdsSCPgjAGNcNBGVxLwQDTCQRsNaISDNsKrjnSJgb3cbJmEg0YaMgkHsfQkJmmSOqvaZl53BQCKPMxZeMgpnFGS5SCbdtagyL3My7s7wJ93df3Tmxl21ENqx9C9fFt3Bpv4UC2SdijJY41ldAr7mfvp8zl1Hl5rEFwvP2H14a2FhZu9q+gykEc0eHBBwTlBnKO0mljuovuo8JuQwzndVPQbpgmUnRY5q0csFxbT23ssYaX+vmwB/UDPgl4eEoip/s2Ai2AITg5ypwdn7yPP+gibwhFMOUigxZfdKdQxYEHwoD9B5+ysiS8JfHebdI5xSndEfQXI0Z75waut8dIsXa7jLCdByoMhSKsaXh0gRdd1WVMC4KCEBmgMxmgMDtBodQ4PTqAxOLgz23G2DYC+ZINAjkCGwmaHMTnGGOiZxSbO6PEAVvJ/CCt5DCtpYSV7WFnDnf1OGe2vN9cu9Fxndx0kOtjpxRmaUm4B1nd2z0CoNwU2hf6oiarY3oPWffAyYGN9CqNm7uhN7fIfls4m/6SxfICiUNhLWbwZq8uSMBTircqWAH6Db1MfASiWKwugMOxf7/s7epRLLwFPVOO9IWD9jVphTxBiRWIGswgRKpqF3r5h5zQFYg+vwBu8A18lQq6FMKBhA5+tdWriRAZaR2qVxoxdrEXgi7VihnETJBBKAU+lL9e+Clc8idPvIBq9nUfpOp7RxbPfI58gTjdWizjvhrdSsVj5/oX7ySL9wrWJzdKCLX3GzdtLqz0HoUL7Fg6KMDgnvZ7hEd1K8ghfhzA5UB2+/f0fTALyfEhVKNy+QFXKH1MV3oh9GSJ043VAVfbai+O9145B1JhB1AGD2Essrk4wiOoZ5CinTq1fZi562lsu0yxpl0vEgR4RCeo0vMBoYvx1Y8v8mjQ3x0urm62mu7EMOHFaaAACxBYCCTZZDGGLpJZVXX5obJP9ccUd/rhie4bUs2yw0/b3G9sCbp/e/dcflbAXeu1mp3257n8jgeN5/wH5jjou", "message": "This is an example Python exception"}}, {"pk": 2, "model": "sentry.event", "fields": {"time_spent": null, "group": 2, "server_name": null, "culprit": "raven.scripts.runner in main", "level": 40, "event_id": "450e0652728d41afb542009962b1b749", "checksum": "c4a4d06bc314205bb3b6bdb612dde7f1", "site": null, "datetime": "2013-10-13T18:50:14.496Z", "project": 3, "platform": "python", "num_comments": 0, "logger": "root", "data": "eJy9WW1z27gR/s5fwfqL5IxKEQBBAm6cuZvrvXju4nTqnPKh05EpErJ5pkiWL0ncTP57dxeUREpKM7E71Xgs4h3Y3efZh9A0rZhzM2lM0daPXla0pl7HiWm83xtTT5yKO9O0EtCjg3IRbwzUBVC8M60dA2XpNDeTLIWnEFpYGDF4jLDSbOIsh4KC+nVZfmc+xpsqN15SbqBWO01zaulf2raCZubj2gy3l5TlQ2YarKQNMYGzdzXOzXA79zDkYj4fzD+H9bCVNndv4tTUND6k8RGM+btZm5oOydTJKbBF43C0xZ+/v4ONokV86Py6/HeW5/Fcer47fZcVafmhca/fuqHH/+K+e/MuDM7d7yuY551Z/Zq1cykiT4Tu9Ndf3r7+bebm2YNxfzbJQ3nu/nBflxsz58rzPSZ934u4exOv4zrrR+GajExlivdYIBNwMsG/OlM/Lpu2zoo7bEJbTLAhjdsYKyT1DbFqY9r7Er3E8fQ///gWHxVMvDh2wU0bJw9tDc/QR1MM+M5iXUMANE4lmDPNK2FjQ0B9VyRtVhbQEjiLVZfl6XLT3EERrL+IV82yitt7KIbOYn6Pp+1WXdF2c+99VrddnMPBmvkupOZNnczr+L0p+v+ruDFe9QgTQFQtqtoskxL2+rGFGkVb0c7CPfjYzbqXboNngaj1nXgBf8M+aCWvq+DLTD9BF3bQjp8TAbq3zuTCxXH8xDgaazcBveBwS9rIMivW5dTWz2CocOJm8T6uwaxBgAYNpLOYGDh2uyRMBWC0iQxiwXkgQsNWQbRSynChV5HSWsUmCjj2Q9tMki6v6gzjNFDOdbOdqX2sCLlgpwnZ1KP6xnttmia+wzbp43g0BRaYs8DHNtsYb/sw5T4TM1fNXPyyTzyAL+ULFZ7DKI5TgF9qjD0p8DgSImKSl3Eav8cIlRL9JUPnJ98TEZdSSS0i6cRQliJgkQ5VXwy5FjqQgkEQg42IgXCGCCZMEzQgFSmCJwgMSYEaQqBCrG+PFcJJusnb+6xx4S92W9O0bt8MXilMDadL3a4BBLm3t2Qc6nR7i6PpRFUMqyF7hAJ3Hwa05MOHuL6jWgJZGI7XxW0+eVmFy+bgI2S4UDtXwDq4JoUQsqvvXPkMO/URBlVw0Jf9zGXtlqs/TNK6GQRtH3g9IOLW9T8yP1oliUj8VzCQztjGdJZIUNSgu5dNZRkvCqiuMfkaSxCfL20MES5/yDPotl1vN/tKcUazh31YYUhEEVoqUs7iBKr2oRiRI9XYkepZjlRjRypypLKOHKwhn7VGSNPVpulytJui06qvnVbRafX4tPpZp9Xj02o6rT48rX7WabU97X1cpDkhUUe7wBiTy1FspL7SGBuawhzjWeuvGIn5RE9Vt8qzZPlgHqmOQWA2i02ZdrnBMncW+8jECkiSi3UG+QVCH8tB32GfUpiPOaoqm3afVJgfosFgq8dp5fMM29UB4X8+x1o9zjDZ+ivJw80KSkEXMJj5B1PCaEQcDE3yLjWUQhvqyZAOkzIvSixxBGdWLOOqwqIAYkBT4bxYDqyIwkP251vmWYHGACl0MmnhB/ZXNOuyBo69pF3sKvCgDFMNzmJ3oJwrgZaOaSU91AMMeGuRxFXb1bgk6piBHmAgZZ4nCBjKoLEiYCCC0HmQNYaeKMq2t2ezhHBY5SadnqM5QRyNDV8b2C3tPRr7E02KegJn2YmcKXY8DId90p3RKPoPz3tanbmUJmdWnUAL0O8l/sPwAsW1EwVMWBkMmusgmTMQYF/M5kyIQTpnwlL4NjUzIe2k4Sg5M9BXaDoQVU9Ozwy12CA/s2CcuRiIrD519SmHBfw457BADJMOA230LVmHBXKQdhhoqOthxmYBUTML1Ih0GemjpxIiswpqm7UZaCibtgcMJQ8ZSh4wlDzBUPIEQ0nLUCiGBrFHoQmYSacvXuDZEaxSjaPYhrc7Je0LEJvuxeb5jAZYGttTDCiqIcWEbEwxoX0lC8UxxYBSGuHixQvrAlwmlEMSAfV0FcDKlkRQPA1IBOTQlkT6CMdKPeYSkETP5JKIHXEJaCM0M6ii3TnOzs6wIRiY9IfaQGBAxBQW+fDuUW4gQPrQub31cIQc++HVq1duQlHsjc82nbx+7Of5o4MAvAezQ+ylf5qg2aIhXfV7iQZ0AeKKXnD1OLJJTD05shXhdQ8fZV0OKmrAKcqmGtRQQ05RNlJBDD2dU0hDDThFaeKULbw1BegeebpH3p5itKWYHQlpYUlowDD6GxkG1NMQ2SCHxsjW0RjZIHaOkK31EbI5QAvsBa9aO2SnZu32IfLjx8RUiIopbhuTSEIvlJfXZQH5ZYevC5yIH0YKhyz9tajF0nYRD4cEYzbgoJcGbMBBKg3ZgPvErNxXR2zA/cFbes9CRFj92aanc9lsG6eX/fdsSCPgjAGNcNBGVxLwQDTCQRsNaISDNsKrjnSJgb3cbJmEg0YaMgkHsfQkJmmSOqvaZl53BQCKPMxZeMgpnFGS5SCbdtagyL3My7s7wJ93df3Tmxl21ENqx9C9fFt3Bpv4UC2SdijJY41ldAr7mfvp8zl1Hl5rEFwvP2H14a2FhZu9q+gykEc0eHBBwTlBnKO0mljuovuo8JuQwzndVPQbpgmUnRY5q0csFxbT23ssYaX+vmwB/UDPgl4eEoip/s2Ai2AITg5ypwdn7yPP+gibwhFMOUigxZfdKdQxYEHwoD9B5+ysiS8JfHebdI5xSndEfQXI0Z75waut8dIsXa7jLCdByoMhSKsaXh0gRdd1WVMC4KCEBmgMxmgMDtBodQ4PTqAxOLgz23G2DYC+ZINAjkCGwmaHMTnGGOiZxSbO6PEAVvJ/CCt5DCtpYSV7WFnDnf1OGe2vN9cu9Fxndx0kOtjpxRmaUm4B1nd2z0CoNwU2hf6oiarY3oPWffAyYGN9CqNm7uhN7fIfls4m/6SxfICiUNhLWbwZq8uSMBTircqWAH6Db1MfASiWKwugMOxf7/s7epRLLwFPVOO9IWD9jVphTxBiRWIGswgRKpqF3r5h5zQFYg+vwBu8A18lQq6FMKBhA5+tdWriRAZaR2qVxoxdrEXgi7VihnETJBBKAU+lL9e+Clc8idPvIBq9nUfpOp7RxbPfI58gTjdWizjvhrdSsVj5/oX7ySL9wrWJzdKCLX3GzdtLqz0HoUL7Fg6KMDgnvZ7hEd1K8ghfhzA5UB2+/f0fTALyfEhVKNy+QFXKH1MV3oh9GSJ043VAVfbai+O9145B1JhB1AGD2Essrk4wiOoZ5CinTq1fZi562lsu0yxpl0vEgR4RCeo0vMBoYvx1Y8v8mjQ3x0urm62mu7EMOHFaaAACxBYCCTZZDGGLpJZVXX5obJP9ccUd/rhie4bUs2yw0/b3G9sCbp/e/dcflbAXeu1mp3257n8jgeN5/wH5jjou", "message": "This is an example Python exception"}}, {"pk": 1, "model": "sentry.eventmapping", "fields": {"project": 2, "event_id": "5e10e7889874490190ed8e90d9d50da9", "group": 1, "date_added": "2013-10-13T18:49:42.200Z"}}, {"pk": 2, "model": "sentry.eventmapping", "fields": {"project": 3, "event_id": "450e0652728d41afb542009962b1b749", "group": 2, "date_added": "2013-10-13T18:50:14.529Z"}}, {"pk": 1, "model": "sentry.tagkey", "fields": {"project": 2, "values_seen": 1, "key": "level", "label": null}}, {"pk": 2, "model": "sentry.tagkey", "fields": {"project": 2, "values_seen": 1, "key": "logger", "label": null}}, {"pk": 3, "model": "sentry.tagkey", "fields": {"project": 2, "values_seen": 1, "key": "browser", "label": null}}, {"pk": 4, "model": "sentry.tagkey", "fields": {"project": 2, "values_seen": 1, "key": "os", "label": null}}, {"pk": 5, "model": "sentry.tagkey", "fields": {"project": 2, "values_seen": 1, "key": "url", "label": null}}, {"pk": 6, "model": "sentry.tagkey", "fields": {"project": 3, "values_seen": 1, "key": "level", "label": null}}, {"pk": 7, "model": "sentry.tagkey", "fields": {"project": 3, "values_seen": 1, "key": "logger", "label": null}}, {"pk": 8, "model": "sentry.tagkey", "fields": {"project": 3, "values_seen": 1, "key": "browser", "label": null}}, {"pk": 9, "model": "sentry.tagkey", "fields": {"project": 3, "values_seen": 1, "key": "os", "label": null}}, {"pk": 10, "model": "sentry.tagkey", "fields": {"project": 3, "values_seen": 1, "key": "url", "label": null}}, {"pk": 1, "model": "sentry.tagvalue", "fields": {"times_seen": 1, "value": "error", "project": 2, "key": "level", "first_seen": "2013-10-13T18:49:42.175Z", "data": null, "last_seen": "2013-10-13T18:49:42.163Z"}}, {"pk": 2, "model": "sentry.tagvalue", "fields": {"times_seen": 1, "value": "root", "project": 2, "key": "logger", "first_seen": "2013-10-13T18:49:42.180Z", "data": null, "last_seen": "2013-10-13T18:49:42.163Z"}}, {"pk": 3, "model": "sentry.tagvalue", "fields": {"times_seen": 1, "value": "Chrome 28.0.1500.72", "project": 2, "key": "browser", "first_seen": "2013-10-13T18:49:42.186Z", "data": null, "last_seen": "2013-10-13T18:49:42.163Z"}}, {"pk": 4, "model": "sentry.tagvalue", "fields": {"times_seen": 1, "value": "Windows ", "project": 2, "key": "os", "first_seen": "2013-10-13T18:49:42.190Z", "data": null, "last_seen": "2013-10-13T18:49:42.163Z"}}, {"pk": 5, "model": "sentry.tagvalue", "fields": {"times_seen": 1, "value": "http://example.com/foo", "project": 2, "key": "url", "first_seen": "2013-10-13T18:49:42.195Z", "data": null, "last_seen": "2013-10-13T18:49:42.163Z"}}, {"pk": 6, "model": "sentry.tagvalue", "fields": {"times_seen": 1, "value": "error", "project": 3, "key": "level", "first_seen": "2013-10-13T18:50:14.504Z", "data": null, "last_seen": "2013-10-13T18:50:14.496Z"}}, {"pk": 7, "model": "sentry.tagvalue", "fields": {"times_seen": 1, "value": "root", "project": 3, "key": "logger", "first_seen": "2013-10-13T18:50:14.509Z", "data": null, "last_seen": "2013-10-13T18:50:14.496Z"}}, {"pk": 8, "model": "sentry.tagvalue", "fields": {"times_seen": 1, "value": "Chrome 28.0.1500.72", "project": 3, "key": "browser", "first_seen": "2013-10-13T18:50:14.514Z", "data": null, "last_seen": "2013-10-13T18:50:14.496Z"}}, {"pk": 9, "model": "sentry.tagvalue", "fields": {"times_seen": 1, "value": "Windows ", "project": 3, "key": "os", "first_seen": "2013-10-13T18:50:14.519Z", "data": null, "last_seen": "2013-10-13T18:50:14.496Z"}}, {"pk": 10, "model": "sentry.tagvalue", "fields": {"times_seen": 1, "value": "http://example.com/foo", "project": 3, "key": "url", "first_seen": "2013-10-13T18:50:14.524Z", "data": null, "last_seen": "2013-10-13T18:50:14.496Z"}}, {"pk": 1, "model": "sentry.grouptagkey", "fields": {"project": 2, "values_seen": 1, "group": 1, "key": "level"}}, {"pk": 2, "model": "sentry.grouptagkey", "fields": {"project": 2, "values_seen": 1, "group": 1, "key": "logger"}}, {"pk": 3, "model": "sentry.grouptagkey", "fields": {"project": 2, "values_seen": 1, "group": 1, "key": "browser"}}, {"pk": 4, "model": "sentry.grouptagkey", "fields": {"project": 2, "values_seen": 1, "group": 1, "key": "os"}}, {"pk": 5, "model": "sentry.grouptagkey", "fields": {"project": 2, "values_seen": 1, "group": 1, "key": "url"}}, {"pk": 6, "model": "sentry.grouptagkey", "fields": {"project": 3, "values_seen": 1, "group": 2, "key": "level"}}, {"pk": 7, "model": "sentry.grouptagkey", "fields": {"project": 3, "values_seen": 1, "group": 2, "key": "logger"}}, {"pk": 8, "model": "sentry.grouptagkey", "fields": {"project": 3, "values_seen": 1, "group": 2, "key": "browser"}}, {"pk": 9, "model": "sentry.grouptagkey", "fields": {"project": 3, "values_seen": 1, "group": 2, "key": "os"}}, {"pk": 10, "model": "sentry.grouptagkey", "fields": {"project": 3, "values_seen": 1, "group": 2, "key": "url"}}, {"pk": 1, "model": "sentry.grouptag", "fields": {"group": 1, "times_seen": 1, "value": "error", "project": 2, "key": "level", "first_seen": "2013-10-13T18:49:42.178Z", "last_seen": "2013-10-13T18:49:42.163Z"}}, {"pk": 2, "model": "sentry.grouptag", "fields": {"group": 1, "times_seen": 1, "value": "root", "project": 2, "key": "logger", "first_seen": "2013-10-13T18:49:42.183Z", "last_seen": "2013-10-13T18:49:42.163Z"}}, {"pk": 3, "model": "sentry.grouptag", "fields": {"group": 1, "times_seen": 1, "value": "Chrome 28.0.1500.72", "project": 2, "key": "browser", "first_seen": "2013-10-13T18:49:42.188Z", "last_seen": "2013-10-13T18:49:42.163Z"}}, {"pk": 4, "model": "sentry.grouptag", "fields": {"group": 1, "times_seen": 1, "value": "Windows ", "project": 2, "key": "os", "first_seen": "2013-10-13T18:49:42.193Z", "last_seen": "2013-10-13T18:49:42.163Z"}}, {"pk": 5, "model": "sentry.grouptag", "fields": {"group": 1, "times_seen": 1, "value": "http://example.com/foo", "project": 2, "key": "url", "first_seen": "2013-10-13T18:49:42.198Z", "last_seen": "2013-10-13T18:49:42.163Z"}}, {"pk": 6, "model": "sentry.grouptag", "fields": {"group": 2, "times_seen": 1, "value": "error", "project": 3, "key": "level", "first_seen": "2013-10-13T18:50:14.507Z", "last_seen": "2013-10-13T18:50:14.496Z"}}, {"pk": 7, "model": "sentry.grouptag", "fields": {"group": 2, "times_seen": 1, "value": "root", "project": 3, "key": "logger", "first_seen": "2013-10-13T18:50:14.512Z", "last_seen": "2013-10-13T18:50:14.496Z"}}, {"pk": 8, "model": "sentry.grouptag", "fields": {"group": 2, "times_seen": 1, "value": "Chrome 28.0.1500.72", "project": 3, "key": "browser", "first_seen": "2013-10-13T18:50:14.517Z", "last_seen": "2013-10-13T18:50:14.496Z"}}, {"pk": 9, "model": "sentry.grouptag", "fields": {"group": 2, "times_seen": 1, "value": "Windows ", "project": 3, "key": "os", "first_seen": "2013-10-13T18:50:14.522Z", "last_seen": "2013-10-13T18:50:14.496Z"}}, {"pk": 10, "model": "sentry.grouptag", "fields": {"group": 2, "times_seen": 1, "value": "http://example.com/foo", "project": 3, "key": "url", "first_seen": "2013-10-13T18:50:14.526Z", "last_seen": "2013-10-13T18:50:14.496Z"}}, {"pk": 1, "model": "sentry.groupcountbyminute", "fields": {"group": 1, "time_spent_count": 0, "times_seen": 1, "project": 2, "time_spent_total": 0, "date": "2013-10-13T18:45:00Z"}}, {"pk": 2, "model": "sentry.groupcountbyminute", "fields": {"group": 2, "time_spent_count": 0, "times_seen": 1, "project": 3, "time_spent_total": 0, "date": "2013-10-13T18:45:00Z"}}, {"pk": 1, "model": "sentry.projectcountbyminute", "fields": {"project": 2, "date": "2013-10-13T18:45:00Z", "times_seen": 1, "time_spent_count": 0, "time_spent_total": 0}}, {"pk": 2, "model": "sentry.projectcountbyminute", "fields": {"project": 3, "date": "2013-10-13T18:45:00Z", "times_seen": 1, "time_spent_count": 0, "time_spent_total": 0}}, {"pk": 1, "model": "sentry.searchdocument", "fields": {"status": 0, "total_events": 1, "group": 1, "project": 2, "date_added": "2013-10-13T18:49:42.163Z", "date_changed": "2013-10-13T18:49:42.163Z"}}, {"pk": 2, "model": "sentry.searchdocument", "fields": {"status": 0, "total_events": 1, "group": 2, "project": 3, "date_added": "2013-10-13T18:50:14.496Z", "date_changed": "2013-10-13T18:50:14.496Z"}}, {"pk": 1, "model": "sentry.searchtoken", "fields": {"field": "text", "token": "runner", "document": 1, "times_seen": 4}}, {"pk": 2, "model": "sentry.searchtoken", "fields": {"field": "text", "token": "transformer=self", "document": 1, "times_seen": 2}}, {"pk": 3, "model": "sentry.searchtoken", "fields": {"field": "text", "token": "__dict__", "document": 1, "times_seen": 2}}, {"pk": 4, "model": "sentry.searchtoken", "fields": {"field": "text", "token": "message", "document": 1, "times_seen": 2}}, {"pk": 5, "model": "sentry.searchtoken", "fields": {"field": "text", "token": "capture", "document": 1, "times_seen": 3}}, {"pk": 6, "model": "sentry.searchtoken", "fields": {"field": "text", "token": "get_loadavg", "document": 1, "times_seen": 2}}, {"pk": 7, "model": "sentry.searchtoken", "fields": {"field": "text", "token": "send_test_message", "document": 1, "times_seen": 3}}, {"pk": 8, "model": "sentry.searchtoken", "fields": {"field": "text", "token": "self", "document": 1, "times_seen": 2}}, {"pk": 9, "model": "sentry.searchtoken", "fields": {"field": "text", "token": "transform", "document": 1, "times_seen": 2}}, {"pk": 10, "model": "sentry.searchtoken", "fields": {"field": "text", "token": "loadavg", "document": 1, "times_seen": 2}}, {"pk": 11, "model": "sentry.searchtoken", "fields": {"field": "text", "token": "kwargs", "document": 1, "times_seen": 3}}, {"pk": 12, "model": "sentry.searchtoken", "fields": {"field": "text", "token": "main", "document": 1, "times_seen": 3}}, {"pk": 13, "model": "sentry.searchtoken", "fields": {"field": "text", "token": "events", "document": 1, "times_seen": 2}}, {"pk": 14, "model": "sentry.searchtoken", "fields": {"field": "text", "token": "raven", "document": 1, "times_seen": 8}}, {"pk": 15, "model": "sentry.searchtoken", "fields": {"field": "text", "token": "return", "document": 1, "times_seen": 2}}, {"pk": 16, "model": "sentry.searchtoken", "fields": {"field": "text", "token": "python", "document": 1, "times_seen": 2}}, {"pk": 17, "model": "sentry.searchtoken", "fields": {"field": "text", "token": "build_msg", "document": 1, "times_seen": 2}}, {"pk": 18, "model": "sentry.searchtoken", "fields": {"field": "text", "token": "none", "document": 1, "times_seen": 2}}, {"pk": 19, "model": "sentry.searchtoken", "fields": {"field": "text", "token": "message=message", "document": 1, "times_seen": 2}}, {"pk": 20, "model": "sentry.searchtoken", "fields": {"field": "text", "token": "base", "document": 1, "times_seen": 4}}, {"pk": 21, "model": "sentry.searchtoken", "fields": {"field": "text", "token": "scripts", "document": 1, "times_seen": 4}}, {"pk": 22, "model": "sentry.searchtoken", "fields": {"field": "text", "token": "1671", "document": 1, "times_seen": 2}}, {"pk": 23, "model": "sentry.searchtoken", "fields": {"field": "text", "token": "getsentry", "document": 1, "times_seen": 2}}, {"pk": 24, "model": "sentry.searchtoken", "fields": {"field": "text", "token": "exception", "document": 1, "times_seen": 2}}, {"pk": 25, "model": "sentry.searchtoken", "fields": {"field": "text", "token": "foo", "document": 1, "times_seen": 2}}, {"pk": 26, "model": "sentry.searchtoken", "fields": {"field": "text", "token": "this", "document": 1, "times_seen": 2}}, {"pk": 27, "model": "sentry.searchtoken", "fields": {"field": "text", "token": "root", "document": 1, "times_seen": 2}}, {"pk": 28, "model": "sentry.searchtoken", "fields": {"field": "text", "token": "capturemessage", "document": 1, "times_seen": 2}}, {"pk": 29, "model": "sentry.searchtoken", "fields": {"field": "text", "token": "client", "document": 1, "times_seen": 2}}, {"pk": 30, "model": "sentry.searchtoken", "fields": {"field": "text", "token": "com", "document": 1, "times_seen": 2}}, {"pk": 31, "model": "sentry.searchtoken", "fields": {"field": "text", "token": "example", "document": 1, "times_seen": 3}}, {"pk": 32, "model": "sentry.searchtoken", "fields": {"field": "text", "token": "opts", "document": 1, "times_seen": 2}}, {"pk": 33, "model": "sentry.searchtoken", "fields": {"field": "filters", "token": "url", "document": 1, "times_seen": 2}}, {"pk": 34, "model": "sentry.searchtoken", "fields": {"field": "text", "token": "runner", "document": 2, "times_seen": 4}}, {"pk": 35, "model": "sentry.searchtoken", "fields": {"field": "text", "token": "transformer=self", "document": 2, "times_seen": 2}}, {"pk": 36, "model": "sentry.searchtoken", "fields": {"field": "text", "token": "__dict__", "document": 2, "times_seen": 2}}, {"pk": 37, "model": "sentry.searchtoken", "fields": {"field": "text", "token": "message", "document": 2, "times_seen": 2}}, {"pk": 38, "model": "sentry.searchtoken", "fields": {"field": "text", "token": "capture", "document": 2, "times_seen": 3}}, {"pk": 39, "model": "sentry.searchtoken", "fields": {"field": "text", "token": "get_loadavg", "document": 2, "times_seen": 2}}, {"pk": 40, "model": "sentry.searchtoken", "fields": {"field": "text", "token": "send_test_message", "document": 2, "times_seen": 3}}, {"pk": 41, "model": "sentry.searchtoken", "fields": {"field": "text", "token": "self", "document": 2, "times_seen": 2}}, {"pk": 42, "model": "sentry.searchtoken", "fields": {"field": "text", "token": "transform", "document": 2, "times_seen": 2}}, {"pk": 43, "model": "sentry.searchtoken", "fields": {"field": "text", "token": "loadavg", "document": 2, "times_seen": 2}}, {"pk": 44, "model": "sentry.searchtoken", "fields": {"field": "text", "token": "kwargs", "document": 2, "times_seen": 3}}, {"pk": 45, "model": "sentry.searchtoken", "fields": {"field": "text", "token": "main", "document": 2, "times_seen": 3}}, {"pk": 46, "model": "sentry.searchtoken", "fields": {"field": "text", "token": "events", "document": 2, "times_seen": 2}}, {"pk": 47, "model": "sentry.searchtoken", "fields": {"field": "text", "token": "raven", "document": 2, "times_seen": 8}}, {"pk": 48, "model": "sentry.searchtoken", "fields": {"field": "text", "token": "return", "document": 2, "times_seen": 2}}, {"pk": 49, "model": "sentry.searchtoken", "fields": {"field": "text", "token": "python", "document": 2, "times_seen": 2}}, {"pk": 50, "model": "sentry.searchtoken", "fields": {"field": "text", "token": "build_msg", "document": 2, "times_seen": 2}}, {"pk": 51, "model": "sentry.searchtoken", "fields": {"field": "text", "token": "none", "document": 2, "times_seen": 2}}, {"pk": 52, "model": "sentry.searchtoken", "fields": {"field": "text", "token": "message=message", "document": 2, "times_seen": 2}}, {"pk": 53, "model": "sentry.searchtoken", "fields": {"field": "text", "token": "base", "document": 2, "times_seen": 4}}, {"pk": 54, "model": "sentry.searchtoken", "fields": {"field": "text", "token": "scripts", "document": 2, "times_seen": 4}}, {"pk": 55, "model": "sentry.searchtoken", "fields": {"field": "text", "token": "1671", "document": 2, "times_seen": 2}}, {"pk": 56, "model": "sentry.searchtoken", "fields": {"field": "text", "token": "getsentry", "document": 2, "times_seen": 2}}, {"pk": 57, "model": "sentry.searchtoken", "fields": {"field": "text", "token": "exception", "document": 2, "times_seen": 2}}, {"pk": 58, "model": "sentry.searchtoken", "fields": {"field": "text", "token": "foo", "document": 2, "times_seen": 2}}, {"pk": 59, "model": "sentry.searchtoken", "fields": {"field": "text", "token": "this", "document": 2, "times_seen": 2}}, {"pk": 60, "model": "sentry.searchtoken", "fields": {"field": "text", "token": "root", "document": 2, "times_seen": 2}}, {"pk": 61, "model": "sentry.searchtoken", "fields": {"field": "text", "token": "capturemessage", "document": 2, "times_seen": 2}}, {"pk": 62, "model": "sentry.searchtoken", "fields": {"field": "text", "token": "client", "document": 2, "times_seen": 2}}, {"pk": 63, "model": "sentry.searchtoken", "fields": {"field": "text", "token": "com", "document": 2, "times_seen": 2}}, {"pk": 64, "model": "sentry.searchtoken", "fields": {"field": "text", "token": "example", "document": 2, "times_seen": 3}}, {"pk": 65, "model": "sentry.searchtoken", "fields": {"field": "text", "token": "opts", "document": 2, "times_seen": 2}}, {"pk": 66, "model": "sentry.searchtoken", "fields": {"field": "filters", "token": "url", "document": 2, "times_seen": 2}}]